{"cameraMode":{"drawMode":0,"name":"Shaded","section":"Shading Mode"},"sceneLighting":false,"audioPlay":false,"sceneViewState":{"showFog":false,"showMaterialUpdate":false,"showSkybox":false,"showFlares":false,"showImageEffects":false,"showParticleSystems":false,"showVisualEffectGraphs":true,"m_FxEnabled":true},"in2DMode":false,"pivot":{"x":-1.9568902254104615,"y":0.06456471979618073,"z":0.13404260575771333},"rotation":{"x":0.005292534362524748,"y":-0.6816354393959045,"z":-0.004873042926192284,"w":-0.731631875038147},"size":0.6511074900627136,"orthographic":false}