{"cameraMode":{"drawMode":0,"name":"Shaded","section":"Shading Mode"},"sceneLighting":false,"audioPlay":false,"sceneViewState":{"showFog":false,"showMaterialUpdate":false,"showSkybox":false,"showFlares":false,"showImageEffects":false,"showParticleSystems":false,"showVisualEffectGraphs":true,"m_FxEnabled":true},"in2DMode":false,"pivot":{"x":-0.12110427767038346,"y":0.23254626989364625,"z":0.6988449096679688},"rotation":{"x":0.002569539938122034,"y":0.9961497783660889,"z":-0.03169518709182739,"w":0.0814065933227539},"size":0.19140774011611939,"orthographic":false}