{"cameraMode":{"drawMode":0,"name":"Shaded","section":"Shading Mode"},"sceneLighting":false,"audioPlay":false,"sceneViewState":{"showFog":false,"showMaterialUpdate":false,"showSkybox":false,"showFlares":false,"showImageEffects":false,"showParticleSystems":false,"showVisualEffectGraphs":true,"m_FxEnabled":true},"in2DMode":false,"pivot":{"x":-2.6243245601654054,"y":0.06849385052919388,"z":-0.3392067551612854},"rotation":{"x":-0.0076981415040791039,"y":-0.6989677548408508,"z":0.007582475896924734,"w":-0.7150362133979797},"size":0.8943196535110474,"orthographic":false}