{"cameraMode":{"drawMode":0,"name":"Shaded","section":"Shading Mode"},"sceneLighting":false,"audioPlay":false,"sceneViewState":{"showFog":false,"showMaterialUpdate":false,"showSkybox":false,"showFlares":false,"showImageEffects":false,"showParticleSystems":false,"showVisualEffectGraphs":true,"m_FxEnabled":true},"in2DMode":false,"pivot":{"x":-0.10297197103500366,"y":1.6136574745178223,"z":0.4379138946533203},"rotation":{"x":0.048875290900468829,"y":-0.4345250129699707,"z":0.02360178716480732,"w":0.8989781737327576},"size":3.652064323425293,"orthographic":false}