{"cameraMode":{"drawMode":0,"name":"Shaded","section":"Shading Mode"},"sceneLighting":false,"audioPlay":false,"sceneViewState":{"showFog":false,"showMaterialUpdate":false,"showSkybox":false,"showFlares":false,"showImageEffects":false,"showParticleSystems":false,"showVisualEffectGraphs":true,"m_FxEnabled":true},"in2DMode":false,"pivot":{"x":16.5573787689209,"y":0.13940465450286866,"z":30.02918815612793},"rotation":{"x":0.0014026062563061715,"y":0.9944944381713867,"z":-0.10360579937696457,"w":0.01365138404071331},"size":0.3848252296447754,"orthographic":false}