{"cameraMode":{"drawMode":0,"name":"Shaded","section":"Shading Mode"},"sceneLighting":false,"audioPlay":false,"sceneViewState":{"showFog":false,"showMaterialUpdate":false,"showSkybox":false,"showFlares":false,"showImageEffects":false,"showParticleSystems":false,"showVisualEffectGraphs":true,"m_FxEnabled":true},"in2DMode":false,"pivot":{"x":0.35005027055740359,"y":0.2932846248149872,"z":-0.5599167346954346},"rotation":{"x":-0.19846616685390473,"y":0.008785074576735497,"z":-0.0017753398278728128,"w":-0.9800426363945007},"size":0.8943197131156921,"orthographic":false}